{
    "cpu_cycles_pass2_start": 49740905083104,
    "cycles_program_begin": 49727755485440,
    "perf": [
        {
            "stat": [
                "main",
                "entry",
                0.012592077255249023,
                0.027779000000000002,
                0.0099780000000000008,
                200452,
                200452,
                0.0,
                0.0,
                1712924152.719748,
                49727755736960
            ],
            "sub": [
                {
                    "stat": [
                        "doParsingAndDesignResolution",
                        "entry",
                        0.13507699966430664,
                        0.032668000000000003,
                        0.016334000000000001,
                        210164,
                        210964,
                        0.0,
                        0.0,
                        1712924152.8422329,
                        49728146819776
                    ],
                    "sub": []
                },
                {
                    "stat": [
                        "doParsingAndDesignResolution",
                        "exit",
                        1.3266150951385498,
                        1.4824349999999999,
                        0.141814,
                        357620,
                        382888,
                        0.0,
                        0.0,
                        1712924154.033771,
                        49731951508288
                    ],
                    "sub": []
                },
                {
                    "stat": [
                        "doPostDesignResolutionToVir2Vcs",
                        "entry",
                        1.3501341342926025,
                        1.496159,
                        0.149615,
                        343604,
                        382888,
                        0.0,
                        0.0,
                        1712924154.0572901,
                        49732026578848
                    ],
                    "sub": [
                        {
                            "stat": [
                                "doUptoVir2VcsNoSepCleanup",
                                "entry",
                                1.9466841220855713,
                                2.0686879999999999,
                                0.15842400000000001,
                                347764,
                                382888,
                                0.17644399999999999,
                                0.069555000000000006,
                                1712924154.6538401,
                                49733931449376
                            ],
                            "sub": []
                        },
                        {
                            "stat": [
                                "doUptoVir2VcsNoSepCleanup",
                                "exit",
                                3.8673291206359863,
                                3.8658600000000001,
                                0.19269,
                                368104,
                                382888,
                                0.182892,
                                0.084381999999999999,
                                1712924156.5744851,
                                49740064304960
                            ],
                            "sub": []
                        },
                        {
                            "stat": [
                                "doRadify_vir2vcsAll",
                                "entry",
                                3.8673951625823975,
                                3.8659240000000001,
                                0.192694,
                                368104,
                                382888,
                                0.182892,
                                0.084381999999999999,
                                1712924156.5745511,
                                49740064435104
                            ],
                            "sub": []
                        },
                        {
                            "stat": [
                                "doRadify_vir2vcsAll",
                                "exit",
                                4.082024097442627,
                                4.0635089999999998,
                                0.20859,
                                375188,
                                382888,
                                0.182892,
                                0.084381999999999999,
                                1712924156.78918,
                                49740749956128
                            ],
                            "sub": []
                        }
                    ]
                },
                {
                    "stat": [
                        "doPostDesignResolutionToVir2Vcs",
                        "exit",
                        4.0821051597595215,
                        4.0635859999999999,
                        0.208594,
                        375188,
                        382888,
                        0.182892,
                        0.084381999999999999,
                        1712924156.7892611,
                        49740750040000
                    ],
                    "sub": []
                },
                {
                    "stat": [
                        "doGAToPass2",
                        "entry",
                        4.082129955291748,
                        4.0636099999999997,
                        0.208595,
                        375188,
                        382888,
                        0.182892,
                        0.084381999999999999,
                        1712924156.7892859,
                        49740750097824
                    ],
                    "sub": [
                        {
                            "stat": [
                                "DoPass2",
                                "entry",
                                4.1306459903717041,
                                4.0798899999999998,
                                0.208813,
                                370256,
                                382888,
                                0.19365399999999999,
                                0.093215999999999993,
                                1712924156.8378019,
                                49740905074048
                            ],
                            "sub": []
                        },
                        {
                            "stat": [
                                "DoPass2",
                                "exit",
                                7.5388309955596924,
                                6.8395590000000004,
                                0.40115800000000001,
                                372200,
                                382888,
                                0.19365399999999999,
                                0.093215999999999993,
                                1712924160.2459869,
                                49751787927328
                            ],
                            "sub": []
                        }
                    ]
                },
                {
                    "stat": [
                        "doGAToPass2",
                        "exit",
                        7.5501890182495117,
                        6.8395590000000004,
                        0.40793800000000002,
                        372200,
                        382888,
                        0.19365399999999999,
                        0.093215999999999993,
                        1712924160.257345,
                        49751824199872
                    ],